{
  "id": "shadowdark-murder-in-riverbend",
  "title": "Shadowdark Murder in Riverbend",
  "description": "Murder in Riverbend Adventure for Shadowdark",
  "version": "1.0.0",
  "compatibility": {
    "minimum": "10",
    "verified": "12"
  },
  "authors": [
    {
      "name": "mccaffertyt"
    }
  ],
  "packs": [
    {
      "name": "adventure",
      "label": "shadowdark-murder-in-riverbend",
      "path": "/packs/shadowdark-murder-in-riverbend.db",
      "entity": "Adventure",
      "type": "Adventure",
      "system": "shadowdark"
    }
  ],
  "url": "https://github.com/mccaffertyt/shadowdark-murder-in-riverbend",
  "manifest": "https://raw.githubusercontent.com/mccaffertyt/shadowdark-murder-in-riverbend/main/module.json",
  "download": "https://github.com/mccaffertyt/shadowdark-murder-in-riverbend/raw/main/shadowdark-murder-in-riverbend.zip",
  "manifestPlusVersion": "1.2.0"
}